-- INSERTION DATA
-- AUTOR
insert into AUTOR (NOMBRE) 
values 
('Valencia'),
('Dolly'),
('Pen'),
('Case'),
('Dierdre'),
('Vladamir'),
('Hamlen'),
('Alyda'),
('Ester'),
('Gary');


-- LIBRO
insert into LIBRO (CODIGO_LIBRO, ISBN, TITULO, EDITORIAL, PAGINAS) values (1, '709216666-7', 'Tabloid', 'Documentary', 1),
(2, '520226193-4', 'Hotel', 'Drama', 2),
(3, '315473700-6', 'I Married A Strange Person!', 'Animation|Comedy|Fantasy|Sci-Fi', 3),
(4, '537083599-3', 'Driven', 'Action|Thriller', 4),
(5, '995801205-7', 'Meet Me at the Fair', 'Musical', 5),
(6, '654657702-X', 'Fathers'' Day', 'Comedy', 6),
(7, '941818654-3', 'Then She Found Me', 'Comedy|Drama|Romance', 7),
(8, '787506401-5', 'Graveyard Shift (Stephen King''s Graveyard Shift)', 'Horror|Thriller', 8),
(9, '178865605-9', 'TINY: A Story About Living Small', 'Documentary', 9),
(10, '091445670-9', 'Scream of Fear (a.k.a. Taste of Fear)', 'Horror|Mystery|Thriller', 10),
(11, '669868689-1', 'Fantastic Mr. Fox', 'Adventure|Animation|Children|Comedy|Crime', 11),
(12, '662908710-0', 'Largo Winch (Heir Apparent: Largo Winch, The)', 'Adventure|Thriller', 12),
(13, '056589417-X', 'Turandot Project, The', 'Documentary', 13),
(14, '740922010-4', 'Red 2', 'Action|Comedy|Crime|Thriller', 14),
(15, '695517819-9', 'Conceiving Ada', 'Drama|Sci-Fi', 15),
(16, '383079481-9', 'Boys and Girls', 'Comedy|Romance', 16),
(17, '062399696-0', 'Tracy Morgan: Black and Blue', 'Comedy', 17),
(18, '958053853-0', 'Detective, The (C+ jing taam)', 'Drama|Mystery|Thriller', 18),
(19, '351542612-4', 'Dragon Ball: Mystical Adventure (Doragon bôru: Makafushigi dai bôken)', 'Action|Adventure|Animation|Children', 19),
(20, '491835952-3', 'Kidnapping, Caucasian Style (Kavkazskaya plennitsa)', 'Comedy|Romance', 20),
(21, '340839118-1', 'Deux mondes, Les', 'Comedy|Fantasy', 21),
(22, '301067789-8', 'Dingo', 'Drama', 22),
(23, '182760900-1', 'Promise, The (Wu ji)', 'Action|Drama|Fantasy', 23),
(24, '035532850-X', 'Attack!', 'Drama|War', 24),
(25, '845203883-6', 'Simple Life of Noah Dearborn, The', 'Drama', 25),
(26, '206011528-0', 'Accomplices (Complices)', 'Crime|Mystery', 26),
(27, '317262516-8', 'If I Stay', 'Drama', 27),
(28, '387170310-9', 'Spare Parts', 'Children|Drama', 28),
(29, '336687006-0', 'Afflicted, The', 'Horror|Thriller', 29),
(30, '169124186-5', '3096 Days', 'Drama', 30),
(31, '757517054-5', 'Silent Night', 'Horror', 31),
(32, '411013497-8', 'Iran Job, The', 'Documentary', 32),
(33, '342781476-9', 'Little Fridolf Becomes a Grandfather', 'Comedy', 33),
(34, '054300682-4', 'I, Cesar (Moi César, 10 ans 1/2, 1m39)', 'Children|Comedy', 34),
(35, '397393371-5', '35 Up', 'Documentary', 35),
(36, '901660750-1', 'Equinox Flower (Higanbana)', 'Comedy|Drama', 36),
(37, '944884717-3', 'Story of Luke, The', 'Comedy|Drama', 37),
(38, '271153196-1', 'Lucrèce Borgia', '(no genres listed)', 38),
(39, '298069433-9', 'Stand by Me', 'Adventure|Drama', 39),
(40, '103157945-1', 'Second in Command', 'Action|Thriller', 40),
(41, '652077243-7', 'Traffic (Trafic)', 'Comedy', 41),
(42, '464196983-3', 'Monster in a Box', 'Comedy|Drama', 42),
(43, '853995780-9', 'Fly Away Home', 'Adventure|Children', 43),
(44, '611063119-1', 'Pet Sematary II', 'Comedy|Horror', 44),
(45, '220227227-5', 'Hollow Reed', 'Drama', 45),
(46, '115747630-9', 'Crime Story (Zhong an zu)', 'Action|Crime|Drama', 46),
(47, '451737820-9', 'Mud', 'Adventure|Crime|Drama', 47),
(48, '422640957-4', 'Korengal', 'Documentary|War', 48),
(49, '615987424-1', 'Face (Visage)', 'Comedy|Drama', 49),
(50, '250458741-4', 'Passion Flower', 'Drama', 50),
(51, '105488689-X', 'Chair, The', 'Drama|Horror|Thriller', 51),
(52, '397844752-5', 'Afflicted, The', 'Horror|Thriller', 52),
(53, '285829430-5', 'Oh, Heavenly Dog!', 'Comedy|Crime', 53),
(54, '717994531-5', 'Crossing Delancey', 'Comedy|Romance', 54),
(55, '131880549-X', 'Another Earth', 'Drama|Romance|Sci-Fi', 55),
(56, '654044429-X', 'Stephen Tobolowsky''s Birthday Party', 'Comedy|Documentary|Drama', 56),
(57, '901034703-6', 'Veronica Mars', 'Comedy|Crime|Drama', 57),
(58, '179414913-9', 'Texas Chainsaw 3D', 'Horror|Mystery|Thriller', 58),
(59, '840971668-2', 'Dirt', 'Comedy|Crime', 59),
(60, '761306681-9', 'Anatahan', 'Drama|War', 60),
(61, '557664834-X', 'Human Traffic', 'Comedy', 61),
(62, '190384887-3', 'Going the Distance', 'Comedy', 62),
(63, '885435874-6', 'Three Men and a Cradle (3 hommes et un couffin)', 'Comedy', 63),
(64, '860611649-1', 'Americanization of Emily, The', 'Comedy|Drama|War', 64),
(65, '769608922-6', 'Two for the Money', 'Drama', 65),
(66, '572866121-1', 'What Alice Found', 'Crime|Drama', 66),
(67, '707476460-4', 'Mountain, The', 'Adventure|Drama', 67),
(68, '540881025-9', 'Ride with the Devil', 'Drama|Romance|War', 68),
(69, '894720349-1', 'Paulie', 'Adventure|Children|Comedy', 69),
(70, '900746097-8', 'First Comes Love', 'Documentary', 70),
(71, '666776018-6', 'Vanity Fair', 'Drama|Romance', 71),
(72, '803978548-0', 'Into the Mind', 'Documentary', 72),
(73, '195915386-2', 'My Mother and Her Guest (Sarangbang sonnimgwa eomeoni)', 'Drama', 73),
(74, '725272029-2', 'Carbon Copy', 'Comedy', 74),
(75, '587448804-9', 'Street Kings', 'Crime|Drama|Thriller', 75),
(76, '483578699-8', 'Underground Comedy Movie, The', 'Comedy', 76),
(77, '262727689-1', 'Glorious 39', 'Drama|Romance|Thriller|War', 77),
(78, '359362962-3', 'Made for Each Other', 'Comedy', 78),
(79, '749426204-0', 'One Shot', 'Documentary', 79),
(80, '557409466-5', 'Hatful of Rain, A', 'Drama', 80),
(81, '732104867-5', 'Kingdom, The', 'Action|Drama|Thriller', 81),
(82, '148316797-6', 'King''s Faith', 'Drama', 82),
(83, '761880207-6', 'Man with the Iron Fists, The', 'Action|Adventure|Crime', 83),
(84, '637567891-9', 'War Zone, The', 'Drama|Thriller', 84),
(85, '644859287-3', 'Brooklyn Rules', 'Crime|Drama|Romance', 85),
(86, '544945189-X', 'Puppetmaster, The (Xi meng ren sheng)', 'Drama', 86),
(87, '494681673-9', 'On the Other Side of the Tracks (De l''autre côté du périph)', 'Action|Comedy|Crime', 87),
(88, '550250085-3', 'Passing Strange', 'Documentary|Musical', 88),
(89, '676838304-3', 'Katt Williams: The Pimp Chronicles Pt. 1', 'Comedy|Documentary', 89),
(90, '238682599-X', 'Deadline at Dawn', 'Film-Noir|Mystery|Romance|Thriller', 90),
(91, '292027898-3', 'Lonely Are the Brave', 'Drama|Western', 91),
(92, '904553222-0', 'Eagle, The', 'Adventure|Drama', 92),
(93, '007601010-4', 'Expendables 2, The', 'Action|Adventure', 93),
(94, '912117379-6', 'Breathing Room', 'Horror|Mystery|Thriller', 94),
(95, '100737740-2', 'Mentiras y gordas', 'Comedy|Drama|Romance', 95),
(96, '656388538-1', 'Samaritan Zatoichi (Zatôichi kenka-daiko) (Zatôichi 19)', 'Action|Adventure|Drama', 96),
(97, '723995870-1', 'Is It Easy to be Young?', 'Documentary|Drama', 97),
(98, '329040493-5', 'Cheri', 'Romance', 98),
(99, '585005597-5', 'Beyond Rangoon', 'Adventure|Drama|War', 99),
(100, '202121258-0', 'High and the Mighty, The', 'Drama', 100);


-- EJEMPLAR

insert into EJEMPLAR (CODIGO_EJEMPLAR, CODIGO_LIBRO, ALMACEN) values (1, 83, 'Bonanza Creek Energy, Inc.'),
(2, 11, 'China Unicom (Hong Kong) Ltd'),
(3, 22, 'Lifetime Brands, Inc.'),
(4, 66, 'Alleghany Corporation'),
(5, 4, 'General American Investors, Inc.'),
(6, 21, 'Nuveen High Income 2020 Target Term Fund'),
(7, 63, 'FIRST REPUBLIC BANK'),
(8, 33, 'Xplore Technologies Corp'),
(9, 49, 'Berkshire Hills Bancorp, Inc.'),
(10, 68, 'Synthesis Energy Systems, Inc.'),
(11, 32, 'NACCO Industries, Inc.'),
(12, 55, 'General Finance Corporation'),
(13, 2, 'Health Insurance Innovations, Inc.'),
(14, 29, 'Senior Housing Properties Trust'),
(15, 10, 'Quanex Building Products Corporation'),
(16, 1, 'Federated Investors, Inc.'),
(17, 80, 'Antero Midstream Partners LP'),
(18, 11, 'Motif Bio plc'),
(19, 45, 'Yext, Inc.'),
(20, 51, 'H. B. Fuller Company'),
(21, 69, 'Eagle Point Credit Company Inc.'),
(22, 87, 'Apple Inc.'),
(23, 66, 'Virtus Investment Partners, Inc.'),
(24, 92, 'Teck Resources Ltd'),
(25, 50, 'Hartford Financial Services Group, Inc. (The)'),
(26, 17, 'Union Bankshares Corporation'),
(27, 54, 'Pioneer High Income Trust'),
(28, 46, 'Popular, Inc.'),
(29, 48, 'Apricus Biosciences, Inc.'),
(30, 52, 'ScanSource, Inc.'),
(31, 4, 'Pitney Bowes Inc.'),
(32, 77, 'Pinnacle West Capital Corporation'),
(33, 50, 'Belden Inc'),
(34, 76, 'EPAM Systems, Inc.'),
(35, 13, 'ARMOUR Residential REIT, Inc.'),
(36, 99, 'AmTrust Financial Services, Inc.'),
(37, 47, 'Activision Blizzard, Inc'),
(38, 90, 'Viking Therapeutics, Inc.'),
(39, 91, 'AutoNation, Inc.'),
(40, 92, 'Banco Latinoamericano de Comercio Exterior, S.A.'),
(41, 22, 'Cumberland Pharmaceuticals Inc.'),
(42, 98, 'Synthetic Fixed-Income Securities, Inc.'),
(43, 56, 'BlackRock Energy and Resources Trust'),
(44, 12, 'TC PipeLines, LP'),
(45, 42, 'NXT-ID Inc.'),
(46, 13, 'Parkway, Inc.'),
(47, 54, 'Tocagen Inc.'),
(48, 16, 'Apple Inc.'),
(49, 47, 'Oconee Federal Financial Corp.'),
(50, 17, 'Las Vegas Sands Corp.'),
(51, 68, 'Strattec Security Corporation'),
(52, 8, 'Avista Corporation'),
(53, 69, 'Synthetic Fixed-Income Securities, Inc.'),
(54, 28, 'WSFS Financial Corporation'),
(55, 51, 'BBVA Banco Frances S.A.'),
(56, 77, 'Telephone and Data Systems, Inc.'),
(57, 8, 'MVC Capital, Inc.'),
(58, 58, 'NXP Semiconductors N.V.'),
(59, 62, 'DURECT Corporation'),
(60, 99, 'Wix.com Ltd.'),
(61, 35, 'Banco Santander, S.A.'),
(62, 5, 'Hemisphere Media Group, Inc.'),
(63, 89, 'Gabelli Global Small and Mid Cap Value Trust (The)'),
(64, 31, 'TIM Participacoes S.A.'),
(65, 6, 'UMH Properties, Inc.'),
(66, 91, 'Kopin Corporation'),
(67, 98, 'Texas Pacific Land Trust'),
(68, 53, 'United States Lime & Minerals, Inc.'),
(69, 78, 'California Water  Service Group Holding'),
(70, 32, 'VelocityShares VIX Short-Term ETN'),
(71, 24, 'Molina Healthcare Inc'),
(72, 70, 'Affimed N.V.'),
(73, 42, 'DHT Holdings, Inc.'),
(74, 2, 'Syngenta AG'),
(75, 31, 'Motorcar Parts of America, Inc.'),
(76, 8, 'American Tower Corporation (REIT)'),
(77, 28, 'Principal Healthcare Innovators Index ETF'),
(78, 14, 'Gladstone Land Corporation'),
(79, 92, 'Dean Foods Company'),
(80, 47, 'Alexander & Baldwin Holdings, Inc.'),
(81, 34, 'Asbury Automotive Group Inc'),
(82, 34, 'Ocean Power Technologies, Inc.'),
(83, 31, 'Stag Industrial, Inc.'),
(84, 46, 'Trinseo S.A.'),
(85, 24, 'Chemed Corp.'),
(86, 8, 'First Trust'),
(87, 15, 'Alphabet Inc.'),
(88, 38, 'Invacare Corporation'),
(89, 88, 'Stamps.com Inc.'),
(90, 73, 'Berry Global Group, Inc.'),
(91, 42, 'John Hancock Investors Trust'),
(92, 74, 'Actuant Corporation'),
(93, 9, 'Delcath Systems, Inc.'),
(94, 35, 'Merrill Lynch & Co., Inc.'),
(95, 43, 'Macy''s Inc'),
(96, 59, 'Verisk Analytics, Inc.'),
(97, 84, 'Colfax Corporation'),
(98, 27, 'Federal Agricultural Mortgage Corporation'),
(99, 23, 'VSE Corporation'),
(100, 36, 'Anworth Mortgage Asset  Corporation');


-- USUARIO
insert into USUARIO (ID_USUARIO, NOMBRE, TELEFONO, DIRECCION) values (1, 'Joella', '(392) 3117202', 'jstandell0@com.com'),
(2, 'Friedrick', '(604) 6805658', 'fdwine1@nasa.gov'),
(3, 'Ilyssa', '(318) 7426640', 'iarenson2@diigo.com'),
(4, 'Georgette', '(632) 5001418', 'gcharlwood3@netvibes.com'),
(5, 'Iver', '(395) 6280277', 'irizzolo4@furl.net'),
(6, 'Rayna', '(138) 4851602', 'rstanfield5@yolasite.com'),
(7, 'Lenka', '(575) 4018291', 'lwhorlton6@ebay.co.uk'),
(8, 'Maximilian', '(930) 2896641', 'mmerfin7@reuters.com'),
(9, 'Corly', '(958) 3155940', 'cgyorffy8@live.com'),
(10, 'Isabel', '(985) 2502302', 'idimberline9@storify.com'),
(11, 'Norrie', '(655) 1510379', 'nklainera@dagondesign.com'),
(12, 'Emmeline', '(253) 8549436', 'eyellandb@ovh.net'),
(13, 'Whitney', '(370) 6583210', 'woxterbyc@yellowpages.com'),
(14, 'Thorny', '(636) 8093789', 'thannawayd@stanford.edu'),
(15, 'Tisha', '(341) 3258741', 'tobbarde@edublogs.org'),
(16, 'Eleen', '(415) 9151091', 'egatteridgef@xinhuanet.com'),
(17, 'Wheeler', '(724) 9607855', 'wdowtyg@cyberchimps.com'),
(18, 'Toma', '(772) 6941227', 'tomarkeyh@t.co'),
(19, 'Drucy', '(936) 1416064', 'dpinyoni@liveinternet.ru'),
(20, 'Gerladina', '(813) 1739676', 'gomannionj@fema.gov'),
(21, 'Delano', '(105) 5429753', 'dproctork@mashable.com'),
(22, 'Cindee', '(775) 9390684', 'cvonderemptenl@cnet.com'),
(23, 'Clair', '(883) 5130929', 'ccoxheadm@google.pl'),
(24, 'Hollis', '(207) 1094700', 'hebblesn@dell.com'),
(25, 'Florry', '(250) 6045630', 'fdimitrovo@prnewswire.com'),
(26, 'Joannes', '(687) 2876299', 'jitzkovskyp@icq.com'),
(27, 'Christiane', '(420) 5691514', 'cdimontq@accuweather.com'),
(28, 'Clayborn', '(490) 6306328', 'ccullityr@independent.co.uk'),
(29, 'Lazar', '(787) 3377194', 'lcatos@trellian.com'),
(30, 'Alexio', '(918) 9649788', 'aeliasent@yandex.ru'),
(31, 'Dallis', '(170) 3337861', 'dreynau@alexa.com'),
(32, 'Quintilla', '(330) 9409930', 'qfallowsv@dot.gov'),
(33, 'Beret', '(921) 8906428', 'bmccorleyw@behance.net'),
(34, 'Konstantine', '(242) 6093441', 'ktregenzax@hexun.com'),
(35, 'Linea', '(978) 7122076', 'lfromenty@github.io'),
(36, 'Maryanne', '(659) 8540436', 'mgostagez@cisco.com'),
(37, 'Alessandro', '(312) 9674051', 'aivanchin10@naver.com'),
(38, 'Marge', '(789) 9316634', 'mpenswick11@cbc.ca'),
(39, 'Moritz', '(956) 7373692', 'mdeschelle12@china.com.cn'),
(40, 'Leonid', '(871) 4751267', 'lblaw13@businessweek.com'),
(41, 'Basile', '(654) 2463563', 'bmaccrann14@dedecms.com'),
(42, 'Elwyn', '(143) 5978540', 'elott15@harvard.edu'),
(43, 'Alvera', '(405) 1578072', 'ahardaker16@sciencedirect.com'),
(44, 'Suzann', '(350) 3726164', 'schang17@nytimes.com'),
(45, 'Gwyneth', '(478) 6263420', 'ggibbonson18@boston.com'),
(46, 'Hernando', '(631) 3872996', 'hreffe19@simplemachines.org'),
(47, 'Bella', '(220) 9838559', 'bsherrett1a@angelfire.com'),
(48, 'Leisha', '(158) 7726537', 'lloines1b@tinyurl.com'),
(49, 'Hedvige', '(453) 4079033', 'hmaryan1c@buzzfeed.com'),
(50, 'Brendon', '(881) 2660774', 'bbrittin1d@google.pl'),
(51, 'Thea', '(911) 4378227', 'tstraughan1e@oakley.com'),
(52, 'Gerhardine', '(294) 2500363', 'ggoff1f@disqus.com'),
(53, 'Willis', '(891) 3643123', 'wdreini1g@npr.org'),
(54, 'Almeria', '(557) 5533897', 'apryn1h@apache.org'),
(55, 'Radcliffe', '(838) 2043747', 'rglanville1i@instagram.com'),
(56, 'Tiffanie', '(457) 3842397', 'tpittson1j@discuz.net'),
(57, 'Allison', '(383) 2561590', 'afullerd1k@spiegel.de'),
(58, 'Geneva', '(291) 7528044', 'gskeen1l@hhs.gov'),
(59, 'Delly', '(268) 4373506', 'djuschka1m@howstuffworks.com'),
(60, 'Carlie', '(159) 5756235', 'cskittles1n@gravatar.com'),
(61, 'Jacklin', '(202) 4575969', 'jyablsley1o@dion.ne.jp'),
(62, 'Torrance', '(760) 4207232', 'tbatrop1p@mtv.com'),
(63, 'Maribeth', '(728) 8103337', 'mmerida1q@printfriendly.com'),
(64, 'Kenny', '(309) 6062096', 'koldknow1r@rediff.com'),
(65, 'Tobe', '(170) 3745278', 'tmargaret1s@pbs.org'),
(66, 'Romola', '(736) 5498506', 'rsanger1t@rediff.com'),
(67, 'Collette', '(844) 5694628', 'ciiannoni1u@flavors.me'),
(68, 'Haily', '(122) 3449943', 'hcorrington1v@bloglines.com'),
(69, 'Katina', '(425) 5123996', 'kjurges1w@cnbc.com'),
(70, 'Abba', '(736) 8426978', 'aeborn1x@vkontakte.ru'),
(71, 'Lars', '(651) 7378411', 'ldellascala1y@wsj.com'),
(72, 'Caddric', '(616) 8782476', 'charnott1z@blogtalkradio.com'),
(73, 'Karlyn', '(909) 3172316', 'kcatherick20@paypal.com'),
(74, 'Linnet', '(524) 2714146', 'ldrust21@bizjournals.com'),
(75, 'Maury', '(933) 8350258', 'mspalton22@epa.gov'),
(76, 'Angus', '(408) 7860083', 'aduffil23@omniture.com'),
(77, 'Courtenay', '(840) 8809517', 'cblackett24@feedburner.com'),
(78, 'Zacharias', '(661) 2404736', 'zdowry25@paginegialle.it'),
(79, 'Abby', '(355) 2168018', 'ahargerie26@princeton.edu'),
(80, 'Shaughn', '(451) 6922051', 'scasier27@ft.com'),
(81, 'Susana', '(855) 3138809', 'sallnatt28@state.tx.us'),
(82, 'Aldridge', '(749) 1221693', 'aproby29@booking.com'),
(83, 'Corey', '(554) 9852624', 'cbridge2a@bigcartel.com'),
(84, 'Robby', '(370) 1717794', 'rminchinton2b@fotki.com'),
(85, 'Rina', '(703) 7262193', 'rgiannazzo2c@bloomberg.com'),
(86, 'Care', '(229) 8372935', 'ccoppledike2d@dailymotion.com'),
(87, 'Isobel', '(993) 3875069', 'ichampley2e@japanpost.jp'),
(88, 'Garth', '(361) 1083775', 'gdesimoni2f@sphinn.com'),
(89, 'Sayers', '(427) 8560478', 'sschott2g@slideshare.net'),
(90, 'Lorita', '(666) 2301531', 'lkopps2h@walmart.com'),
(91, 'Leupold', '(473) 6803190', 'lmielnik2i@dropbox.com'),
(92, 'Taddeo', '(746) 3732613', 'torpyne2j@epa.gov'),
(93, 'Tabatha', '(832) 9507214', 'toclery2k@odnoklassniki.ru'),
(94, 'Dilly', '(639) 9569585', 'druilton2l@cpanel.net'),
(95, 'Adolphe', '(125) 7747673', 'amillard2m@devhub.com'),
(96, 'Helge', '(346) 2965367', 'hvenart2n@yellowpages.com'),
(97, 'Lynnette', '(418) 6242841', 'lclayworth2o@businessinsider.com'),
(98, 'Terrie', '(651) 7964183', 'tgirogetti2p@prlog.org'),
(99, 'Waring', '(272) 1137695', 'wmeatyard2q@berkeley.edu'),
(100, 'Kassia', '(231) 2847259', 'krowth2r@bloglovin.com');


-- LINK_AUTOR_LIBRO
insert into LINK_AUTOR_LIBRO (CODIGO_AUTOR, CODIGO_LIBRO, LUGAR_ESCRITURA) values (2, 13, 'Banjar Tengah'),
(9, 10, 'Forécariah'),
(5, 16, 'Lumil'),
(1, 20, 'Tanamiting'),
(9, 14, 'Tomarovka'),
(6, 6, 'Feikeng'),
(10, 23, 'Bāndarban'),
(4, 2, 'Zhijiang'),
(7, 6, 'La Tuque'),
(8, 9, 'Xiejiatan'),
(3, 4, 'Gozdnica'),
(10, 11, 'Acajutla'),
(4, 20, 'Baitian'),
(10, 22, 'Hassi Berkane'),
(7, 19, 'Peteranec'),
(6, 10, 'Kedatuan'),
(2, 14, 'Jatiprahu'),
(6, 21, 'Cosquín'),
(3, 18, 'Szelków'),
(6, 20, 'Krajan Gajihan'),
(5, 1, 'Tanjungjaya'),
(2, 5, 'Esperanza'),
(1, 21, 'Thị Trấn Na Hang'),
(9, 8, 'Santo Antônio de Jesus'),
(5, 11, 'Mabini'),
(3, 17, 'Kingsport'),
(2, 10, 'Gejiu'),
(8, 18, 'Kuafeu'),
(2, 20, 'Tamahú'),
(7, 25, 'Shadrinsk'),
(1, 18, 'Comalapa'),
(6, 25, 'Paulpietersburg'),
(10, 8, 'Registro'),
(5, 15, 'Ala-Buka'),
(1, 7, 'Yingchuan'),
(4, 4, 'Fuquan'),
(10, 9, 'Sanjiang'),
(8, 16, 'Tangjiawan'),
(7, 22, 'Dahongmen');


-- VENTAS
insert into VENTA (ID_VENTA, CODIGO_EJEMPLAR, ID_USUARIO, PRECIO_VENTA, FECHA_VENTA) values (1, 57, 24, 765.19, '2023-07-23'),
(2, 96, 9, 567.73, '2016-08-12'),
(3, 19, 2, 702.27, '1991-10-27'),
(4, 30, 23, 286.3, '1997-09-23'),
(5, 54, 9, 833.61, '1999-08-18'),
(6, 89, 15, 612.11, '1997-07-11'),
(7, 70, 22, 205.55, '2013-04-05'),
(8, 51, 1, 647.53, '1996-02-21'),
(9, 53, 20, 528.6, '2007-12-29'),
(10, 61, 6, 445.31, '2010-05-02'),
(11, 96, 21, 701.08, '1995-02-12'),
(12, 91, 16, 212.85, '2011-05-25'),
(13, 86, 13, 359.06, '2000-02-08'),
(14, 11, 11, 707.67, '2000-05-17'),
(15, 40, 19, 414.54, '1993-03-08'),
(16, 39, 7, 544.86, '1997-08-27'),
(17, 87, 12, 847.22, '1992-03-19'),
(18, 60, 8, 287.74, '2007-10-31'),
(19, 4, 25, 594.54, '2013-05-18'),
(20, 61, 20, 897.74, '1997-08-09'),
(21, 40, 18, 358.2, '2016-12-20'),
(22, 58, 23, 515.17, '2022-04-30'),
(23, 3, 9, 912.8, '2012-07-25'),
(24, 27, 20, 772.45, '2008-11-04'),
(25, 91, 11, 644.49, '2008-09-02'),
(26, 19, 8, 963.5, '2003-12-05'),
(27, 19, 18, 853.13, '2012-10-04'),
(28, 22, 11, 489.6, '2011-03-06'),
(29, 77, 9, 575.62, '1994-06-13'),
(30, 38, 22, 383.2, '2000-07-28'),
(31, 75, 2, 253.12, '2010-03-03'),
(32, 9, 18, 860.49, '1990-12-23'),
(33, 93, 3, 884.25, '2017-11-08'),
(34, 88, 10, 456.73, '2009-11-25'),
(35, 7, 8, 293.02, '2022-04-20'),
(36, 13, 1, 320.55, '2001-02-05'),
(37, 44, 3, 237.2, '2021-03-15'),
(38, 19, 22, 960.82, '2010-10-08'),
(39, 43, 2, 283.31, '2018-11-15'),
(40, 47, 6, 471.92, '2000-05-02'),
(41, 51, 9, 634.99, '2009-05-10'),
(42, 57, 11, 735.96, '2006-01-13'),
(43, 79, 24, 913.92, '2016-04-19'),
(44, 18, 1, 629.12, '2020-03-22'),
(45, 29, 9, 865.25, '2006-05-18'),
(46, 93, 2, 748.82, '2021-10-06'),
(47, 46, 8, 682.79, '1991-03-15'),
(48, 71, 12, 343.44, '2018-12-30'),
(49, 82, 11, 365.49, '2008-06-09'),
(50, 8, 11, 625.86, '2021-03-23'),
(51, 83, 21, 724.76, '2008-03-21'),
(52, 48, 4, 275.15, '2022-06-30'),
(53, 76, 25, 987.22, '1997-04-08'),
(54, 30, 15, 206.93, '2004-09-04'),
(55, 38, 4, 851.57, '2009-04-10'),
(56, 67, 4, 904.91, '2017-02-23'),
(57, 83, 9, 333.87, '2015-06-13'),
(58, 49, 23, 985.74, '2022-05-11'),
(59, 30, 9, 230.37, '2007-07-02'),
(60, 84, 10, 934.32, '2017-01-08'),
(61, 87, 25, 609.25, '1996-09-22'),
(62, 3, 17, 871.63, '1992-04-09'),
(63, 45, 20, 655.96, '2007-07-30'),
(64, 76, 6, 877.31, '2008-09-19'),
(65, 49, 16, 211.69, '2008-07-16'),
(66, 23, 10, 589.15, '2017-08-05'),
(67, 86, 21, 914.59, '2023-03-01'),
(68, 91, 15, 455.77, '2003-08-09'),
(69, 81, 23, 314.82, '2001-08-21'),
(70, 41, 5, 746.05, '2010-09-12'),
(71, 96, 5, 615.21, '1992-04-19'),
(72, 62, 15, 963.24, '2007-11-25'),
(73, 59, 23, 891.08, '1996-05-15'),
(74, 72, 14, 868.71, '2016-01-06'),
(75, 37, 6, 564.09, '2015-07-12'),
(76, 77, 20, 484.86, '1993-10-05'),
(77, 76, 14, 747.57, '2007-10-02'),
(78, 1, 8, 910.45, '2003-04-25'),
(79, 92, 17, 817.08, '2006-12-26'),
(80, 70, 24, 200.0, '2005-01-31'),
(81, 82, 20, 681.27, '1991-10-24'),
(82, 33, 16, 996.45, '2009-06-17'),
(83, 92, 12, 534.88, '2000-01-25'),
(84, 32, 20, 592.44, '1999-05-19'),
(85, 8, 21, 876.99, '2014-03-23'),
(86, 4, 14, 519.61, '2018-11-28'),
(87, 69, 21, 669.88, '2009-10-22'),
(88, 12, 16, 943.71, '2017-05-19'),
(89, 66, 13, 887.64, '1994-05-06'),
(90, 3, 10, 374.62, '1994-05-05'),
(91, 81, 6, 802.66, '2017-07-09'),
(92, 18, 24, 617.91, '1992-04-15'),
(93, 77, 16, 329.72, '2021-02-12'),
(94, 57, 21, 654.25, '1997-06-16'),
(95, 16, 14, 960.79, '2008-12-13'),
(96, 5, 10, 497.21, '1996-07-01'),
(97, 15, 22, 311.13, '2007-06-15'),
(98, 56, 8, 627.42, '2002-03-05'),
(99, 21, 10, 468.4, '1994-07-17'),
(100, 61, 1, 548.38, '2010-02-17');